>antisense_0	CGAUGAUCGGGUUUAUCAUCGUCUUGUACAUUUCCAGGGGUUCACCCAUAAGCUCGCACCGGAUUAGGUGUAUCAGCCUCUCGUCUUUCGGAUCUGUCGGCUGCGGCUGGCAGUCCUUUCCCGUCCUGGUCUGAUCCUCCAGUUCGGCCACUAAAAUAUACUGGAGCGUAAAGAUGUCGGCCACGGUUUCCACCUCUCCGGCCACCUGUCGGUAUAACUUCCGGUACUCCGGCCAACGUUCGGUAUCAUAGAUAUUCGCCUCGAUAUAGGCGUUUAUCUGCGGAGUGGUGGCCGUCUGCUCGAUUUCCACACCGGAAAGCCUGCGGAUCACCUCUAUUUUAAGUUUUUUCCCGGUAAACUUCUGUUUCGGCCUUAACCCGUAUUGCGGCAUUUCCCCCAGGGAGAUAAACGGCUCUUUAUCCCCCUUUCUCCGGUAAAUGAAAUAUUCCGCUAUCAUCGUUCGGGGAUAUUCAAAACGUGAUCCACUAACAGGGCUUUGUCCUCCGGAUUUGCCUUUAUCCAGAACAGCGACCAAUUCAAGGCGUUUCCAUACUCGUUAAUACCGUUUUCCCGGACGGUCUGCCCGGCUGUCGGGGAAAUCCCUUUCAGGCAUGAAAGCGCAUUAUUAUUGCCAAACAUGGCAUAUCUGUUAAAGGCUUCCAACUCGAAAGGAUAAAUAUCAAACCUUUUCUUUCCCUGGACGA	.((((((((((((......((((((.(((..(((((((((....)))....(((.(((((......)))))...)))............(((.((((((((....)))))))))))....(((..((((.........))))..))).............)))))).)))))))))..((((..(((....)))....((((((((..((((........)))).(((((((((.......)))....((((((..(((((......)))))..))))))))))))))))))))(((((....(((((.....)))))....))))).............((((((.........)))))).......))))..))))))....(((((((((((...((((.((((((......)))))).))))......)).))))).......)))).))))))(((((((((..........(((...)))....(((((...)))))..(((...(((((((..((((..((((.((.......))))))....................((((((.(((((((.....))))))).))))))...((((((....))))))...........(((((....)))))..)))).))))))).))).....((((((............))))))...)))))))))..	-218.80
>orphan_2	GCGGCCGGGGUGGUUCCCGUCCGUCUGGGGGCUGACGGCUAUUGCACGUCAAGCCUUAAAAGUGGGGCGAAUUGACGUAUUACGACAUCCCCACUUUUUCAUAUACCCCUAUAUUGUAAUGCACAUUACAAUAAUACUAAAAUACUAAGAUUAGUAUAGACUUAUCUUAGUAUUUUAGUAAAACGAGUAUGCUUGAAAUCUGCCUCCGGCGGGGUUUUUACUGGGGGCUUCUGACCUUUGCACUGUUUCCUAUUGUUCCGUAAAAUCAGUGUCGCACAGUCCGCACCUUAACACCAGCCCGGAUUUUCCCCACACGUUACAGCCGCACCCACAGGUGUAUUUCUUCCGCUUUCCGCUUUUGCUCUCCCCCUCGUCCGGAUCUUCCGGUUCUUCCGUUUCGUCCCCGUCGCUUCCGGCGAUGCGGAUCGGCCGGGUAGGUACGGCCGCCAAAGUCGGCUUGUACCUAAGCCGCAAGUUUUGCAGAUCCUCCCGGCUUAGCGUAUUGAAAACCUGCUCGAACUUCCCUCCCGGAAUGAUAUAAUGCGUAAUGCUCUGGCCUGUCCUUUUGCCUCCGGCCUCCCCGGUGUCGGACGGCAUCAGUCCGACCUGGAUCAUCUUGUCAGCCCAUUGCGAAUUAUGAUACCCUCCCCGGCUCGGCCUGCCGAAAUCCUCCUGCCACAAAUGGCACAUUUCAUGUACCAGGGUAGAAUGCCAGUCCCGAUCUUCCCGGUUCAUAAAAUCGGGGUUGAUGCUGAUCUCGUGAACGACCUUUUUUUCC	((((((((((.((..((((......))))((((((((((....)).)))).))))..(((((((((((((((......))).))....)))))))))).............(((((((((....))))))))).(((((((((((((((((.(((....))).)))))))))))))))))...((((((..........(((((...)))))((((((((....(((((..((.....((((((((....(((((...........)))))....)))))..)))......))..)))))(((...)))....((((((.(((((((((....)))))................((....))..............(((((((((((((..(((((.(((((............))))).)))))..)))))))((((((((((((.......)))).))))))))....((((...))))))))))....))))))))))..))))))))))))))...((((.....))))...((((((.(((((((..(((((..........(((...)))....((((.(((((((.......)))))))))))........)))))..))))))).))))))....)).)))))))((((....)))).......(((((.....(((.((((...)))).))).))))).....((((..((((...(((((((.....)))))))))))..))))....))).................	-253.80
>orphan_4	ACGGCGGCAAUCGUUCCGAUCACCUUAUAUUUUACAACACAAAAACAAAAUUUUACACAUUUUAACGCGCGGAAAAAUCGCACUAAAGAAACGCUUCGCUCAUUUUUUCUCCGUUUCUCAUUUUCCGUUUUCAAAAUGCACAUUUUCCAGCCGUUUUUGAAGCCUGUGAUUCCCUAAGAUUUUCCUUCUUUGUGAGAAUAGUCUUUGUA	(((((((..((((...))))..)).................................((((((.....((((((((..........(((((((..................)))))))..))))))))....))))))...........)))))....((((.((((..(((...((((.......))))...))).)))).))))...	-30.30
>orphan_5	UACACUUUUUUGGGGGGCGGUGUACAUUUGUAAUGUGCAUUUUGGGGGCUGGGUGUCUGAUGUAUUGGAGCGAAGCCGUGCGGAGCGUUCCAGGAGCGACGAGCGAAGCAAGGAGAGAGAGAACGACGGUU	....(((((((.....((((((((((((...)))))))))).....((((..((.(((((....)))))))..)))).(((....(((((...)))))....)))..)).....)))))))..........	-30.10
>antisense_1	AUCCAUAAACCGGAUGAAUAUCUCCGAAUACGGCCGUACCCCUGAAAAGUCGUUACGGAUCGACUUCAUCAGGUUUACGUGGCUCCGGUUCUUGAUAUGGAACGCCUCUACCGUCUGGUCGUAAACGAUCUCGUUGGCCGGAAGCACGUAUAAGAGUUGCGUAUUGGCGAUAAUGCCUUUCGUGUACUCGUUAUCGGGAAGCUGCGCCAAUGACUGGACGAUCGUACCCACCGCCCCGUUUUCCUUGCGGAGUUUCUGGUAACAGAACGCCACCGUCGAAUGUAUGUCCGCACCUGAAAAGGUGUCCUUUAUAGACUGGCUUUCUGCGUACUCGUCAAAGAUCAGCAUCCCCCUGACGGAACGAUCCGAAAGGAUCUUGUUCUCUAUCGUAUCGAAAAGGAUUGUCAUAAUGACGGAAAUCAGGAACGGAUCUUUCUUUAUCUUCGUCAGCUCAAAGACGAUAAAAUCCCGGUUCUGCAUAUCGUUCUCCAGUGGGGACGGCUUGCACACGUUCUCAUAAAAUCCCCCCGGCAUAAAUUCCGAACACACGUGCAGGAAGCUGUCUAUAUCGAAGUAUUCCGGCAGGAUAUUCAAACGCUCAUACAGUUUUUUCCCCUCUCUUUGGACGUACCUGUAAAAGUCCGGGAAACAAUGGCCGUCGGGAAUAUCCUCGUAAUAACGGCAAAUGAUCUUUGUCAGCGAAACAACUUGUUUCGUGUCCUCCAUGAUCGCCUUAGACCGCCAGAAUUUAAGCACCAGGUUUACAAGCGUCUUUAUCUUCUCGUUGUCCGGCUGCUUCCCGGCCGUAUAGAACGGAUUGAUCCCCAACGGGCUGCUGCCGUCAUAAUCAAUAUGCAGCGACCUGUCCGGGUACAACUGCGAAAGCUGGUAAAAGCUCUUUCCGAACUCGACGACGAUCUGUUUAUAAUUCUGCUCGAUGUUCUGCUGGAU	.........((((..(((((((.....((((((((.....(((((.((((((........))))))..)))))..((((((..(((((((((......)))))(((.....((...(((((....))))).))..)))))))..))))))...((((((((....(((......)))...)))).))))......(((((((...(((...(((.((.(((((((.(((((.(((..(((((((((((((.(((((((....))))).))..))).)))..((((((((((((((....))))))....(((((((.(((((((((((....(((.(((((..((.((((.(((((.((((((((((....)))))..))))).......(((......)))(((((...)))))....)))))...)))))).)))))....(((((........)))))........((....((((..((((((((....))))))))..))))..)).................(((........))).....)))))))))))))))))))))..(((....(((....)))..)))((((.........))))..............))))))))............)))))))...))).)).))).................((((((.....)))))).((((((((...)))))))).......))))))))).((((((..................))))))..((((............))))))).))).))))))))))))))).((((((((((..(((..(((((.((((((...............)))))).)))))..))).........(((((((......))))..)))((....))....))))))))))............)))))))..))))..	-278.30
>antisense_2	CUCUAUGGCCGUUUCCAUGCUUCCGGCCUCCUUGUAAAUCUCCUGCAAUUUGUUCCAUUUCUCGCCGUCGGUCUGGAAUGCAAGCAAUUUUUCCGGUGAAAGCUCCAGGCGUACCACCGUUGCAUAACUAUCCAUAAACCGGAUGAAUAUCUCCGAAUACGGCCGUACCCCUGAAAAGUCGUUACGGAUCGACUUCAUCAGGUUUACGUGGCUCCGGUUCUUGAUAUGGAACGCCUCUACCGUCUGGUCGUAAACGAUCUCGUUGGCCGGAAGCACGUAUAAGAGUUGCGUAUUGGCGAUAAUGCCUUUCGUGUACUCGUUAUCGGGAAG	............((((.(((((((((((...(((((.......))))).(((((.((((((..(((...)))..))))))..)))))......(((((...(((...)))....)))))...........(((((((((((((.........(((....))).((((..(((((.((((((........))))))..)))))..))))....))))))).....))))))(((((..........)).))).((((....)))))))))))))))((.((((((((((((....(((......)))...)))).)))).)))))))))).	-99.30
>antisense_3	GUUCAGAUCCACCCCUUUGCUCCUUAGAAAAGCGAUGUAUUUCACCACCACGGGGGCGGUUUCCGACUGCUCGAUGUUGCAAAGCUGCUGGCGGCUGAUCCCCAUUUCCUCGGCAACGCUUUUCGCCGUCAGGCUUAGCCUGAUCCUUUCUACUUUCAAUUCAUUACUUAGUUCCAUAAAUGAAAUUUAAAGGGUUUAUUCUCUUUUGGUUUUUUAUCACCUCAUAAUGCAAAUGAUUCCCGGUACUUAUCCCGGUGCUUCCCACGAACCCGAUCACGUCCCCCUUUUCCACCUUCGCACCUUUCCGGGUGUAAAUGAGUGUCAGAUGUGCGUAUCUGGUCUGAAAUCCGAAACGGUGCGUAACGACUACCGUUUUCCCAUAUCCGGGCGUUUCACCUGCGAACGUCACCGUCCCACUGGCUGCGGCGUGUACGGUAGCCGCAUACACCGCCGCCAUAUCCAGGCCUGCGUGAAACUGCCUUUCACCGCUUAUCGGAUGCGUCCGGUAGCCGUAACGGUCGGAGAUCCGGUAUUUCUCUUUCAGGGGUGCGACAGAGGGGACGAAACGGUAAAUAUCCCCGUCCUUUUGGACGAUCCCCCACACCGGGGCGAUGUCCCCGUAAUCCCCUGCGGUCUGCAACACCUCCACGAUCAGCGAACGUUUGUCCUGCGCCCCCACCCGGCCGACAGGGAUCAGCGCAAGGAUCGCAAGGCUAAAUAUCCUCCACAUUCACGAUGUCGCUGUUCUCCAGGUCAAAAAGAACGUGACGGCCUCCGUUCUUCUCGUUGAUCUCGAUAC	(((((((((((.....((((......(((((((((......)).((.....))((((((((...))))))))...(((((..((....(((.((.....)))))....))..))))))))))))...(((((((...)))))))...........(((.(((((((....((...((((..((((((.((((((......)))))).)))))))))).))....))))).)).)))...((((........))))..............(((....(((((((((.........(((((((((((((((((((((((.(((((.....(((((((((((........)))....))))))))..))).)))))))....))))))))((((((.......))))))..((.......((((.((((.((((.(((...))).)))).)))).))))......))...((((((((.....))))).))).((((((((...((((...((((...)))))))).))))))))..........)))))))))).)).)))))))...)))..........(((((....)))))(((((((.....)))).)))......)))).....)).)))))).)))........((.((((((.((((.(((((((((.....(((........)))....)))).)))))....(((........)))..........)))))))))).))((.(((((((..((((...(((((...))))).))))..))))))).))...	-238.40
>antisense_4	UAGUGUUUAUCACUUAAUGAUUUAAGGUUAAUAUCCUGUAGGUUGCAGGGAGAACAAACGGGAACAGCCGUUCCCGCCCCUUUCGGAUUGUAUGCCAGCACCCCUAAAAAAUGCCUUGUCAAAGACAAGUAGUAACACGCCUGUGUUACGUUUUCGACUUUUCAGCCGUCCGACCGCCACCCCGUCCGAUUUGACUUGCCUUUGAGGUUAUAUAUGCAAAUGCAGGAAGCCCCCAGCGAAAACCCCGCCGGGGGCAAUAUUUUUAAACAGGCUUUAAAAAUACACGUUCAGCAUAAGGUAUAAAAAGACGUUCUUAUCCUUAGUGCUGUGGUGUUCAAGUUCGAAUUGGAUUUUGUCCUCACGUGCGAGCCAACCUAUUGCGCUGGCAGCUUCCAGGUCAUUGAACCCUGUUGCAUCCUUGACUUCUUGUAAAGUCCAUUUUCGGUGUACGUCUGUGCUUAAUAAGCGCCAGAGUUUCCCUGCGUUCUCUCCGAUGAUGUGCUUAUCCAUACUUUGUUAUUUGUUAUAAAUUGAUAAAUGGUUUCAAAUGGAUAAUGAAAAGCACUUUUACAUCAAUAGUGUUACGCACUGCAAACAUUCCAGCGUUUAUCGUUUAUCCUUUUGAUACGUUGUAUCACUCUUUCCUGAUAUACAGCAAACCGUUUCGCCGUUCGAUGUAUAUCUUAUUCUCACGUGCGAGCCACCCGGCGGCGAGUGCGGUUUCAUCAGCCGCAAAAUUUAGCCUUCUCGCAAGCUCGGCAAUGGUUAUAAGUCCGGUUUCUCCUAAUUUUUCAAAGAUGAUCCCGGCUUUAAAUCCUAUAUUUGCUUUUUCCAUGAUAAAGUUUAUAUUUUAAUGGUU	.((((.....))))....(((((((((.......)))..(((.((((((((((.....(((((((....)))))))......((((((.((......(((...........)))((((((...))))))..(((((((....)))))))...............)).)))))).........(((((((...(((((......(((((((...(((((...(((((..((((((.(((.......))).))))))...(((((((((.....)))))))))((((...((((((((((.((((.((....)).)))))))).))))))..))))....((((((.(((((..(((((.....((((((.........)))))).)))))..)))))....))))))))))))))))...))))))).....))))).....))))...)))(((((((((...))))).)))).)))))))))).)))....(((((.....)))))..........(((((((((.....)))))))))((.(((((.(((((((((.((((.((..........((((((...))))))..........)).)))).))).)))))).))))).))(((((((...((......)).)))))))........(((((((..((.(((.....)))))..))).))))((((.(((((.((((((((((((.....)))))))............)))))..)).)))...))))...(((.((((..((..((..........))..))..)))))))))))))...............((((..((((((....))))))))))..	-236.40
>orphan_8	CCAAGUUCUUUUUGAACAUCCUUGUUUGCAGAUGAAAAGAUA	......((((((((((((....)))))......)))))))..	 -5.50
>orphan_9	CCUUAAUGUUGUCCGCAUGGUGGGAGAACCGUACCGAUCAG	.......(((.(((........))).)))............	 -7.20
>antisense_5	GCUUGCUGAACCCAACAGAUAAGCUCCGGACUGCCGGAUUUUGCAGGCGAUCUCCAGAUAACAUUGCUUCGCAUUAUCGGCCUCCAACUUGCUUUUGGUGGCUGUUUCGGAAACUUUCCAAGCAGUCAGCUCCUGUGGUAUAUUCAGCAUAGGAGUAUUUGUGGUAAUAUCGGUAGCUUCGGUAUUGCUAUUGACCGUGAUGUUUGCGUUUUUCACUACGGUAAAUGCGUGUGGAAAUGCUAAAUCAGACGAACUCCAACUUCCCGUUCCAUCGGCUGCCGCAGGCAAUGUGAAGGCGCCGGCAAAUUUGAAAUUAUGAAUCUUGAUCACGUCGAUGUCCACCUGCAUGUUAUCGUAUUGGGUCUUUGCUUUGAAUACGACCUGUGACAGAAUAUGUUUGAAAUUAAAUUUCACUAUUCCGUUGUUCAUGUCUUUUGUCUGGCCUUUGGCCAUGGCAUACAUCACGUCGUAGUUUGCAUGAGUAGUACCGCUUCCAUACUCAUCCAUGCAGGUAUAACUUAUCUUUUGGACAUCCUUGGUGGCUUCCCAACUAUAAAACGCCAUCAUGUCUUCACUAACCGUUCCGGGAUUGAACGCGUAAAAGUCCAAAGCCUCGGUAGGCCAAUAACGAAGGUCGCUCGCAUUGUCAUAAUCCCACUUACCAUUUUUGUACACGAUCUUCACUCCGUCAUGUUCAAAUUCCGUGUCGUUCUUUCCCAUGAAGGCAGUACCAUCCGCCGUAAAAGCGAACACGUCGAAAUCGGUGUUCUUCAAGUUGGUGUUGGUAGUAGGGGUAGCCCUCGUUUCCGCCGCAUUACUUAACACGUUAAAACCAAUCGCAUUUCGUGA	((((((((.......))).)))))...(((..((((.((..((((((((((...........))))))).)))..)))))).)))....(((..(((((((((((((.((((...)))))))))))).(((((((((..........)))))))))....(((((((((((((.....)))))))))))))..((((((.((...........)).)))))).((((((.(((((((((.........((.(((.(((((((.(((......)))((((((.((((...(((((((((..(((((((((........)))).))).)).....((((((((((((((((...(((((((.((........)).))))))).....(((((((((((..((((((...))))))......)).))))).))))...(((((((((...))))).))))(((........)))......(((((((............))))))).)))))))))..............)))))))..(((((((................))))))))))))))))..(((((((.......))))).))...........)))))))))).........((((((((...(((.........................)))...))))))))....((.((((.........)))).))(((........)))(((..........)))........((((((..........))))))...))))))).))).))...((((....)))))))))))))))))))...............)))))..)))........	-243.40
>antisense_6	GUAAUCCCCUGUUGUCCCUGUCGCAAGACAAACUCCAGGGUUUUGUUUUUAUAUACUCCCCCCCUAUACGGUAGCGUAUGGAUCUUUUUCCUGAAUCACCUUUUUAAUCUUGAACAGCCGUUCUUUGGUUAGCGGCUUUAUAGUUUCCGGAUCCUCACCGUCGAAUGUUUCCCCGAAGAUCAGAUCGUCCACCUCCAGGCCAUGAUUAAAAUUCUCCCUGAUACAGUCCCUUAGCAACCAAAGGUUUUUGAGGUUCACCCAAUCGGCCGUUAUGUUCCUGAUCCUUCUAAACAUGAUUAUCGCAGUACGAAAAUAAUGCCCCACAUGAUCGUAAUCAUGGCAAACCCGUUUAUCCAGAUAAUAAACAUCUAUUUCCUGGUUUUCUUCAUCCUCCGCGAUCCGGCAAAGGCAGAACGGGAUCUGCUCCAGUUUAUCCCAUUCGAUAUAUU	.(((..(((((..((...((((....)))).))..)))))..)))..................(((((((....))))))).........................((((.(((((((((((........))))))).....))))..)))).......((((((((..........((.((((((............((((((((((....((...(((((...((.((((((.((((...)))).))))))...))...)))))..((((((((...((....))..))))))))....(((............))).......))...))))))))))....((((((..((((..((((......))))..))))..........(((..((......))..)))..)))))))))))).))..........)))))))).....	-96.20
>antisense_7	GUUGCUGCUCCCGGCUUAACGCCUUGUAUUCCUCAAAGGUUAUUUUCUUGCGUGUUUCCUUGUGGUACACGUAGAAAAGGAAGUAAUAGACCGGAAACGAUUUCGAUCCUUUCAGCACGGAGAUCCCAGCCUCUUUCGCCUGGUUGAAUGUCAUAAAUACGGGUGUCUGGUACUGGAAUUUCUCGCAAAGGAAAAGGAGUAAAAAGGCGUUGCCUCCGGUGUACCUGCGUCCUGUGAGGUUCUGCGGAAAGAAAUUGCGUGUAUUCGCCGCAAUGGUGAUCCAGGGCUUUUGCCAAUUGUCCUCUACCUGCUGGAUCUUCUCGAUCAUCAAAUUUGCAAACUGUUGCGCUGCCUUGUCGAAAUAAUCAGUUUUCAUAACUACGUCCCCCGUUCUUUAUCCUGGUGGGUGAGCCAGUUCUAAAGGUUGUUAUCUCUUUUUCUAUACCUCUAAUAUAGCACUUUUAUUUGAGAUAUGCAAGUAUUUAAACAACAUUUAACUAACUAUUUAUCAGAUAAUUAUAUGAAAAAGUAGUAUUUUAGUAUA	..(((((((...(((..((((((((.(((((((.....(((((((((((((((((..((....)).)))))))....))))))))))....(((((....))))).((((((..((..((((((.((((..((...((((((.................))))))...))..)))).)))))).))))))))..)))))))..)))))))))))((((....((((((.....)).))))....)))).....((((((.((....))))))))(((((((.(((((....)))....((((..........))))...)).)))))))......((((....))))((((..((((....)))).))))(((((((...(((.....)))...(((((.((((((((.((..(((..((((.((((((.......(((.((((.(((.((((.........)))).))).)))).)))......)))))).)))))))..)))))))))))))))...))))))).)))))))..........	-137.90
